0,Дурак,Большой Взрыв,"Дурак символизирует Большой Взрыв, рождение нашей Вселенной. Согласно теории, Вселенная родилась в единственном взрыве неимоверной силы около 14 миллиардов лет назад. Вся материя образовалсь в первые секунды после взрыва (хотя звезды и галактики появились лишь через миллионы лет). Квантовый Дурак представляет что-то новое, что проявилось подобно бабочке, выпархивающей из своего тесного кокона. У Дурака нет страха, потому что у него нет жизненнго опыта. Он не видит опасности и также полностью открыт; нет ни предрассудков, ни скрытых планов. Все видится ему, как оно есть, даже если не хватает мудрости для полного понимания."
I,Маг,Электромагнитное Взаимодействие,"Электромагнитное взаимодействие проявляется между электрически заряженными или обладающими магнитным моментом частицами, но не напрямую, а посредством электромагнитного поля. В свою очередь, это поле порождает излучение во всех видах спектра, от видимого света, инфракрасных и ультрафиолетовых лучей, до радиоволн, потоков рентгентовского и гамма излучения. Квантовый Маг управляет энергией, придает ей форму и делает невидимое видимым. Он может создать что-то из кажущегося ничего, что является сутью магии. Маг приносит сознание и просветление, становится мостом между бессознательным и материальной реальностью. Когда бы мы ни творили, мы призываем его архетип."
II,Верховная Жрица,Слабое Взаимодействие,"Слабое взаимодействие контролирует странный и мистический процесс распада частиц. Когда частица распадается, он не исчезает, а переходит в две или более частицы меньшей массы. Однако мы не можем точно предсказать, где и как это случится, и какие новые частицы будут рождены. Верховная Жрица воплощает в себе эту непознаваемость мистерии. Она олицетворяет все тайное и скрытое в нашей жизни. Как и слабое взаимодействие — процесс невидимых перемен, Верховная Жрица действует позади сцены. Она требует обретения знания и мудрости через самопознание, зовя за пределы рациональности мышления и обозрения опыта."
III,Императрица,Гравитационное Взаимодействие,"Гравитация — это сила притяжения между объектами — от планет до людей. Каждый из нас притягивает другого, но настолько слабо, что мы этого не замечаем. На символическом уровне Императрица — это женский творческий принцип, власть притжения, влекущая людей друг к другу для творчества, как на уровне материальности, так и выше. Сила сексуального влечения неотвратимо заставляет продолжать свой род. И Императрица часто изображается беременной женщиной, несущей в себе недавно зачатую жизнь. Это означает что-то в нашей жизни, что еще только развивается и требует нашей поддержки и защиты."
IV,Император,Сильное Взаимодействие,"Сильное взаимодействие удерживает вместе частицы, составляющие ядро атома. Без него не могла бы существовать материя, ибо атомы бы просто распались на части. Не было бы звезд, планет или галктик, даже вселенной, как мы ее представляем. Император, как сильное взаимодействие, удерживает все вместе в упорядоченном функционирующем целом. Он олицетворяет лидерство и власть. Хотя часто эта карта представляет людей, играющих похожую роль в нашей жизни, Император также символизирует сознательную волю — что Фрейд называл сверхэго."
V,Верховный Жрец,Законы Движения Ньютона,"Три закона движения Ньютона лежат в основании современной науки. До появления теории относительности Эйнштейна они считались универсальными и абсолютными. Три закона описывают взаимодействие физических объектов, сил, действующих на них, и их состояние в окружающем пространстве. Верховный Жрец представляет собой духовную традицию, и в старых колодах Таро изображался римским Папой. В Квантовом Таро эту роль играет Исаак Ньютон, теории которого являются традиционной основой, на которой построена физика 20 и 21 века. Верховный Жрец требует от нас признания и уважения к традициям. Его власть может быть менее явная, чем власть Императора, но за его спиной мудрость, накопленная в течение многих поколений. Он предлагает нам прочную основу для наших начинаний. Однако мы должны быть внимательными и не допустить того, чтобы эта прочность и твердость превратились в окостенелость и непримиримость к новому."
VI,Влюблённые,Теория Гравитации Ньютона,"Было давно известно, что гравитация — это сила притяжения. Однако только Ньютон предложил научную теорию для ее описания. Он показал, что гравитационная сила пропорциональна массе или массам взаимодействующих объектов. По сравнению с тремя другими фундаментальными взаимодействиями, гравитация слаба и начинает оказывать заметное влияние лишь в масштабах планет или звезд. Как две звезды в бинарной системе, Любовники находятся во взаимном танце эмоционального физического и духовного притяжения. Эта карта показывает, что вас сильно тянет к кому-то. Нравится вам это или нет, но силы притяжения вовлекли вас во взаимоотношения."
VII,Колесница,Специальная Теория Относительности,"Теория относительности Эйнштейна кардинально изменила наше видение мира. Специальная теория относительности показала, что пространство и время не являются абсолютными. Например, если вы находитесь в очень быстром поезде, то время для вас проходит быстрее, чем для того, кто неподвижен. Просто разница настолько мала, что мы не замечаем ее. Только при скоростях, близких к свету, разница в течении времени становится существенной. Колесница традиционно изображает человека, пытающегося управлять колесницей с двумя лошадьми. Лошади связаны, как и пространство и время, хотя могут и схватываться друг с другом. Эта карта проявления собственной воли, борьбы за контроль над нашими неуправляемыми желаниями и противоречивостью натуры. Если Колесница появляется в раскладе, то мы достигли определенного уровня мастерства в самоконтроле. Колесница означает тяжело заработанную зрелость."
VIII,Сила,Общая Теория Относительности,"В общей теории относительности Эйнштейн показал влияние массивных объектов, таких как планеты и звезды, на структуру пространства-времени. Специальная теория относительности еще раньше связала пространство и время, а общая теория указала на влияние, которое оказывает на время гравитация. Очень массивные объекты, например звезды, создают искривление в пространстве-времени, наподобие тяжелого шарика, продавливающего натянутую резиновую мембрану. Черные дыры, наиболее массивные объекты в нашей вселенной, создают вокруг себя настолько сильное искажение пространства-времени, что даже свет не может вырваться наружу. Сгибание пространства-времени вокруг массивных объектов можно сравнить с нежной мощью карты Сила. Часто изображаемая как женщина, мягко укрощающая льва, эта карта показывает не грубую силу, а упорное и любящее приложение личной силы. Секрет карты Сила заключен в сострадании; женщина управляет львом без принуждения и насилия."
IX,Отшельник,Элементарные Частицы,"Около ста лет назад ученые думали, что атомы являются мельчайшими частицами материи, и представляли их в виде твердых маленьких шариков. Однако первые десятилетия 20 века ознаменовались чередой открытий: атомы оказались не фундаментальными частицами, а чем-то наподобие миниатюрных солнечных систем с ядром из протонов и нейтронов и отрицательно заряженными электронами, вращающимися по орбитам вокруг этого ядра. 60-e годы 20 века принесли новые открытия. Оказалось, что протоны и нейтроны также не фундаментальны, а в свою очередь состоят из еще более мелких частиц, названных кварками. Квантовый отшельник представляет идею скрытого мира, ожидающего открытия. Он направляет свет в тайные закоулки и ведет нас прочь от скопления людей к размышлениям и созерцанию. Карта может означать явный уход от мира или более тонкое перенаправление внимания с повседневной активности к глубинным таинствам внутреннего мира."
X,Колесо Фортуны,Квантовая Механика,"Квантовая механика пытается объяснить парадоксальную природу внутреннего мира. Существует фундаментальная разница между двумя типами явлений; волнами и частицами. Частицы могут находиться только в одном месте в определенный момент времени. Волны же размазаны в пространстве, подобно волнению моря. Их нельзя привязать к конкретному положению в пространстве, и при их описании пользуются такими характеристиками, как размер (амплитуда) и частота (вспомните радиоволны).</p><p>Однако внутри атома различие между частицей и волной пропадает. Элементарные частицы могут вести себя и как волны, и как частицы, в зависимости от способа их наблюдения. Например, свет ведет себя, как волна при наложении потоков света от двух источников. Две световые волны при взаимодействии друг с другом порождают явление интерференции, наподобие кругов на воде. Однако, как отметил Эйнштейн, свет может также проявляться как поток мельчайших частиц — фотонов.^Он доказал это в своем объяснении фотоэлектрического эффекта (появление электротока в металлической платине при ее освещении). Это возможно лишь при рассмотрении света как потока частиц, ударяющих в поверхность металла и возбуждающих и высвобождающих там электроны, формирующие электроток.</p><p>Какое это имеет отношение к Колесу Фортуны? Хотя бы то, что квантовая механика ввела в физику идею шанса и вероятности. Можно лишь утверждать, что элементарная частица имеет определенную вероятность нахождения в определенном месте в определенное время, но не более того. Вне физики понятие шанса и вероятности не вляются новыми. Колесо Фортуны знакомо нам под многими обличиями, от древней римской богини Фортуны до игральной рулетки. Это символ влияния кажущихся нам внешними сил, таких как судьба или удача, на события нашей жизни. Но, возможно, у нас есть альтернатива. Даже в самой тяжелой ситуации у нас остается право выбора. Почему бы не взять да не сойти с колеса?^Мы решаем, выбрать жизнь жертвы случайностей и болтаться во власти колеса, как носок в стиральной машине, или, высоко взлетев в своем осознании, полностью покинуть эту детскую карусель."
XI,Правосудие,Постоянная Планка,"Понятие квант в физику ввел немецкий ученый Макс Планк. Он пытался понять механизмы излучения электромагнитных волн горячими объектами и в 1900 году вывел полуэмпирическую формулу. В процессе теоретического обоснования своей формулы Планк пришел к ошеломляющему выводу, что уравнение справедливо только при одном совершенно новом допущении, что при излучении энергия испускается или поглощается не непрерывно и не в любых количествах, а лишь неделимыми порциями — квантами. При этом энергия кванта пропорциональна частоте колебания и новой фундаментальной постоянной, позже названной в его честь постоянной Планка. Это чрезвычайно маленькое число сыграло огромную роль в развитии квантовой теории. Постоянная Планка помогла описать процесс, на первый взгляд кажущийся противоречивым. Так и карта Правосудие вносит ясность и истинность в кажующуюся противоречивость, запутанность и беспорядочность."
XII,Повешенный,Принцип Неопределенности,"В 1927 году немецкий физик Вернер Гейзенберг сформулировал в математическом виде принцип неопределенности, возникший из необходимости учета того, что наблюдение за элементарной частицей оказывает воздействие на нее. В описание квантового объекта, его состояния и поведения участвовала постоянная Планка (смотри карту Правосудие) и использовалась теория вероятности, не дававшая однозначности классической физики. В физике того времени, привыкшей мыслить точными и незыблемыми понятиями, не хотели принимать идею того, что на фундаментальном уровне все в нашей вселенной зыбко и неопределенно. Карта Повешенный отражает это состояние глубокого замешательства, когда старые подходы к жизни и мышлению больше не работают. Главное, уметь сознательно отказаться от всего того, что мешает достижению высокой цели. Карта символизирует трудный момент, когда старое добровольно отвергнуто, а новое еще не проявилось."
XIII,Смерть,Материя и Антиматерия,"У каждой частицы есть соответствующая ей античастица, имеющая электрический заряд, противоположный заряду парной ей частицы. При столкновении частицы и античастицы аннигилируются, превращаясь в чистую энергию. Есть теория, что при образовании вселенной появилось почти одинаковое количество материи и антиматерии, но из-за незначительного преобладания материи, после процессов аннигиляции, осталась вселенная, состоящая только из материи.</p><p>Материя и антиматерия исчезают при контакте, но от этого взрыва рождается новая энергия и новые формы, что является небольшой частью процесса бесконечного обновления нашей вселенной. Смерть представляет разрушительную сторону этого циклического процесса. Как человеческие существа мы постоянно изменяемся и адаптируемся к окружающему миру, но при этом, как это ни парадоксально, мы также противимся переменам, даже если они ведут к лучшему."
XIV,Умеренность,Суперсимметрия,"Теория суперсимметрии, образно говоря, описывает переход вещества в излучение и наоборот. Это не выполняется для известных в природе частиц. Предполагается, однако, что существует энергетический предел, за которым квантовые поля, описывающие вещества и излучение, подчиняются суперсимметричным преобразованиям.</p><p>Суперсимметрия вначале разрабатывалась для соединения двух несовместимых теорий: квантовой механики и релятивистской теории гравитации Эйнштейна. Карта Умеренность символизирует идею смешения различных, зачастую противоречащих друг другу элементов. Традиционно на карте Умеренность изображался ангел, переливающий жидкость из одного сосуда в другой, что характеризует очищающий процесс внутреннего развития и роста. Мы постоянно смешиваем, разделяем и снова перемешиваем различные части своего Я, и когда появляется карта Умеренность, то она указывает, что мы находимся в особенно неустойчивом переходном состоянии."
XV,Дьявол,Черная Дыра,"Черные дыры имеют гигантскую плотность и генерируют такое мощное гравитационное поле, что ничто, даже свет, не может от них ускользнуть. Дьявол характеризует любую могущественную, непреодолимую силу, которая затягивает вас. Это может быть другой человек, слава или богатство. Попав в ловушку, мы поймем, что заплатили слишком дорого, отказавшись от свободы, за свои новые богатства. Дьявол символизирует все виды отношений, связанных с принуждением и контролем. Ключевое значение карты — это дисбаланс силы; когда мы пребываем в чьей-то власти, то появляется Дьявол. Если копнуть глубже, то под дисбалансом силы обнаружится обширный резервуар энергии, застрявшей там. Нам брошен вызов нахождения способа ее освобождения."
XVI,Башня,Квантовая Пена,"Концепция квантовой пены выросла из попытки соединить общую теорию относительности Эйнштейна с принципом неопределенности квантовой физики. В результате пришли к хаотичности и непредсказуемости пространства-времени в масштабах атома и меньше. Так появилась квантовая пена, с микроскопическими черными дырами и проколами пространства, образующимися и исчезающими с огромной скоростью.</p><p>Странный и устрашающий мир, разительно отличающийся от видимой стабильности окружающего нас мира, дает превосходный образ для карты Башня. Башня символизирует разрушение и потрясение, разрыв непрерывности нашей жизни. Это сложная, но не негативная карта. После потрясения, следюущего за выходом из зоны комфорта, мы часто осознаем ограниченность нашего старого пути и пробуждаемся к позитивной стороне послания Башни — свободе. Удар молнии может быть вспышкой озарения или вдохновения, наполняющий нас неожиданным интуитивным пониманием."
XVII,Звезда,Теория Струн,"Квантовая теория и общая теория относительности — два ключевых прорыва в физике 20 века — привели к революции в нашем миропонимании. Но есть проблема: они не работают совместно. Первая прекрасно описывает микроскопический мир атома, а вторая — хороша в описании громадной вселенной. Теория струн предлагает реальную возможность объединения двух идей.</p><p>В стандартной модели физики элементарные частицы представляются в виде мельчайших точек. Теория струн меняет эти точки на вибрирующие петли и струны. Однако струны настолько малы, что пока нет никакой возможности их увидеть или измерить, так что теория струн пока не может быть доказана или опровергнута. Теория струн предлагает реальную надежду на более целостное понимание нашей вселенной. Так и карта Звезда говорит о возможности и надежде. Это карта духовного пробуждения, расширения сознания и видения. Мы осознаем безграничность энергии вселенной, текущей через все, включая нас самих."
XVIII,Луна,Дополнительные Мерности,"Если теория струн правильна (Звезда), то все фундаментальные частицы во вселенной состоят из струн и петель, вибрирующих с различными частотами. Начальные варианты теории струн говорили лишь о струнах с одним измерением, но в дальнейшем теория струн предположила, что струны могут вибрировать в десяти измерениях. Помимо трех измерений пространства и одного измерения времени, теория утверждает о существовании еще шести измерений, свитых вместе и сжатых в очень ограниченном пространстве. Cтруны наматываются вокруг этих завитых пространственных мерностей наподобие коврового плетения.</p><p>Эти недоступные дополнительные мерности напоминают дополнительные слои нашей жизни: намеки, предчувствия, движения, видимые лишь уголком нашего глаза. Луна и представляет эту сферу тайного и незнакомого, что часто страшит тех, кто привык к ясности во всем. Луна появляется в раскладе, когда что-то необъяснимое в нашем сознании требует к себе внимания, и что наш разум может воспринимать как угрозу."
XIX,Солнце,М-теория,"Теория струн (смотри карту Звезда), предположила, что фундаментальные частицы — это в действительности микроскопические струны, вибрирующие в одном измерении. Теория суперструн расширила эти вибрации до 10 измерений (смотри карту Луна). Но затем физики уперлись в проблему: появилось пять основных версий теории, и все они давали правильное описание процесов. М-теория объединила все эти пять версий, оказавшихся разными аспектами одной и той же теории.</p><p>М-теория продемонстрировала мощный толчок, продвинувший теоретическую физику на один шаг ближе к пониманию природы вселенной. Объединение пяти разнородных элементов в единую всеохватывающую теорию похоже на функцию карты Солнце, объединяющую различные аспекты нашего я. Когда солнце выпадает в раскладе, это означает, что мы достигли такого уровня сознания, когда все наши внутренние голоса поют в гармонии. Мы стали на шаг ближе к проявлению своего истинного Я."
XX,Страшный Суд,Мультивселенная,"Мультивселенная — это теория, где физика начинает напоминать фантастический роман. Эта очень умозрительная теория предполагает, что вместо одной вселенной, возможно, существует множество вселенных. Эти вселенные могут быть связаны друг с другом, а могут быть и полностью независимыми. Они могут иметь, а могут и не иметь одинаковые законы. Одна из версий теории утверждает, что вселенные зарождаются как черные дыры, и наша вселенная родилась как черная дыра в другой вселенной.</p><p>Идея мультивселенной сложна для понимания. Даже одну бесконечную вселенную трудно представить, не говоря уже о множестве. Мы ощущаем ограниченность нашего воображения, когда сталкиваемся с подобными идеями. Карта Суд бросает нашему разуму похожую по сложности проблему. Мы должны расти в осознании и пробуждаться к новым уровням реальности. Иногда это может быть болезненное пробуждение из-за ослепительной мощи света осознания."
XXI,Мир,Теория Всего,"Теория Всего это единственная, согласованная теория, описывающая все явления и процессы во вселенной. Многие ученые, включая Эйнштейна, пытались и не могли разработать такую теорию, и она остается эквивалентом Святого Грааля. Всеобщая теория должна объединить квантовую теорию и теорию относительности, а также объяснить большое разнообразие элементарных частиц. Современным претендентом на эту роль является М-теория (смотри карту Солнце). Мы ограниченные существа, но наше воображение охватывает бесконечность. Карта Правосудие показывает процесс пробуждения к безграничному миру. Карта же Мир демонстрирует следующий шаг; познание безграничности вселенной, несмотря на ограниченность нашего существования. Традиционно на карте Мир рисуют фигуру обнаженного андрогена, танцующего в пространстве, окруженном круговым венком. Танцор Мира демонстрирует способность быть счастливым в материальной жизни, одновременно осознавая все незримые бесконечные уровни бытия."
,Туз Пентаклей,Глюон,"Глюоны — это частицы-переносчики сильного взаимодействия, связывающего в единое целое ядра атомов. Туз Пентаклей показывает начало нового проекта. Единственный Пентакль — это краеугольный камень, начало проявления чего-либо нового в нашем мире."
,Двойка Пентаклей,Спин,"Спин — это одна из характеристик элементарных частиц. Частицы конечно же не вращаются вокруг своей оси, но имеют определенный момент вращения, который является важной частью квантовой теории. Странное поведение элементарных частиц отражается в характерном для 2-ки Пентаклей качестве неустойчивости. Здесь энергия двух проявляется как ощущение нерешитепьности «может, да, а может, нет». Дуальность проявлена открыто; мы поставлены перед выбором «так или иначе» или мы жонглируем вариантами. Все «подвешено в воздухе»; результат пока не определен."
,Тройка Пентаклей,Структура Атома,"Атом состоит из различных элементарных частиц; ядро из протонов и нейтронов (в свою очередь состоящих из кварков, связанных глюонами) вокруг которого вращаются электроны. Простая и элегантная структура атома может нам помочь в создании прочного и подходящего основания для наших творческих начинаний. 3-ка Пентаклей переводит волнующее видение 3-ки Посохов в конкретный план действий."
,Четвёрка Пентаклей,Эллиптическая Галактика,"Из-за своей старости эллиптические галактики содержат множество умирающих звезд. Новые звезды не рождаются, так как почти все звездное топливо уже использовано, и развитие практически приостанавливается. 4-ка Пентаклей проявляет подобное сворачивание энергии из-за упрямого нежелания изменить существующий порядок вещей. Фиксирующая энергия четырех становится чересчур сковывающей в земной масти Пентаклей. Эта карта показывает неприятие поступательного движения и отторжение необходимости перемен, ведущее к страхам нехватки чего-либо и ощущению стагнации."
,Пятёрка Пентаклей,Лептоны,"Существует шесть разновидностей лептонов. Наиболее распространенным является электрон, входящий в состав атома. Две других разновидности, мюон и тау-лептон, крайне нестабильны и быстро распадаются, переходя в другие частицы. Три оставшихся являются разновидностями нейтрино, из которых самой стабильной является электронное нейтрино. Масса нейтрино пренебрежимо мала. Нейтрино свободно пронзают просторы вселенной, а электроны, в основном, связаны в атомах. Этот контраст между свободой и ограниченностью выражает энергию конфликта пяти в Пентаклях. Здесь битва идет против самой физической реальности. Часто это проявляется в виде ощущения нехватки или скудости. Мы, возможно, в состоянии представить бесконечность и изобилие, но материальная реальность имеет свои границы. Эта карта символизирует борьбу, которая происходит в нас, когда наш безграничный дух сталкивается с очень ограниченной природой материальности."
,Шестёрка Пентаклей,"Адроны, барионы и мезоны","Адроны, барионы и мезоны состоят из различных сочетаний кварков. Адроны — это общее название барионов и мезонов. Барионы (протоны и нейтроны) составляют ядро атома. Мезоны состоят из кварка и антикварка и очень нестабильны. Адроны являются основой всей материи вселенной. Как и кварки, мы не существуем сами по себе, а формируем группы и образования, такие как семьи, общества, культуры. Мы зависим от других, а другие зависят от нас В 6-ке Пентаклей гармоническая энергия шести проявляется в материальном мире, как даяние и получение. Это карта как филантропа, так и нуждающегося человека. Баланс поддерживается готовностью тех, у кого больше чем достаточно, поделиться своим богатством, и готовностью нуждающихся в нем открыться и быть готовыми получить. Внутренняя гармония проистекает из баланса между даянием и принятием."
,Семёрка Пентаклей,Кварки,"Кварки — это строительные блоки нашего мира, фундаментальные частицы, составляющие протоны и нейтроны атомного ядра. Без них не было бы атомов и, соответственно, материи во вселенной. Кварки имеют шесть разновидностей («ароматов»), но лишь две из них стабильны — верхний и нижний кварки. Другие же четыре — очарованный и странный, прелестный и истинный — быстро распадаются в более легкие разновидности. 7-ка Пентаклей описывает ситуацию, в которой мы собрали все необходимое. Часто на карте изображен урожай, напоминающий нам об изобилии ресурсов и возможностей. Воинственная энергия семи приземлена в Пентаклях. Средства достижения успеха у нас в руках, и нам предлагают принять это во внимание."
,Восьмёрка Пентаклей,Образование Галактики," Галактики образовались на ранних этапах формирования вселенной и знание этого процесса до сих пор ограничено. Однако мы можем видеть их образование, наблюдая за очень дальними галактиками через мощные телескопы, как, например, Хаббл. В связи с огромной удаленностью этих галактик свет от них идет к нам миллиарды лет, и мы видим их такими, какими они были во времена первых шагов образования вселенной. Формирование галактик — длительный процесс и требует значительного времени. 8-ка Пентаклей описывает это понятие процесса, напоминая нам, что спешить нельзя. Традиционно на карте изображается подмастерье в мастерской, оттачивающий свои навыки. Мы собираем вместе все наши способности и применяем их для решения творческой задачи, приобретая мастерство в материальном мире."
,Девятка Пентаклей,Квазар,"Квазары это яркие, таинственные объекты, находящиеся в центре галактик. Они генерируют энергию в триллионы раз превышающую энергию нашего Солнца, и она очень изменчива во всех диапазонах длин волн. Принято полагать, что источником квазаров являются сверхмассивные черные дыры, расположенные в центрах галактик. 9-ка Пентаклей представляет человека, собравшего огромную энергию, источник которой неясен. Это карта независимости и финансовой защищенности, но не все заключается в деньгах. 9-ка Пентаклей говорит о самодостаточности и независимости во всех областях жизни."
,Десятка Пентаклей,Солнечная Система,"Солнечная система состоит из солнца, девяти известных планет и пояса астероидов. По всей видимости, планеты образовались из пылевого облака, оставшегося после рождения солнца, так что в каком-то смысле они все «родственники». Солнечная система представляет собой гармоничную семью, обычно изображаемую на 10-ке Пентаклей. Все планеты (за исключение Плутона, впрочем, недавно потерявшего статус планеты) вращаются в одной плоскости и в одну сторону. Как и семья из нескольких поколений, делящая общность крови, планеты делят солнечное питание и поддержку, но в остальном мало похожи друг на друга. Эти десять далеки от гармоничной удовлетворенности 10-ки Чаш. В 10-ке Пентаклей присутствуют напряженность и несовершенство, и счастье достигается через терпимость и компромисс."
,Паж Пентаклей,Волопас,"В созвездии Волопаса находится звезда Арктур, являющаяся одной из самых ярких на небе. В греческой мифологии Волопас больше известен как Аркад, помещенный Зевсом на небо охранять свою мать, нимфу Каллисто, превращенную Герой в медведицу (созвездие Большой медведицы). Поэтому и называют Аркада «стражем медведицы», что по-древнегречески означает Арктурус. В другой версии Волопас был помещен на небо богами за изобретение плуга. Эта земная практичность прекрасно символизируется Пажом Пентакпей, воплощающим в себе качества внимательного и прилежного студента. Этот паж еще не набрался опыта, но он устремленный и упорный. Он означает подготовку нового проекта и последующую его длительную поддержку и развитие."
,Рыцарь Пентаклей,Центавр,"Созвездие Центавра расположено в южном полушарии и содержит много ярких звезд и других небесных объектов. В нем находится ближайшая к нам звезда Проксима Центавра, двойная звезда Альфа Центавра и галактика Центавр А, наверное, включающая в себя черную дыру. Созвездие изображает кентавра Хирона — архетипа учителя в греческой мифологии. Хирон  знаменит тем, что был наставником героев Ясона и Геркулеса, а также опытным лекарем. Раненый случайной стрелой Геракла, он не смог вылечить себя, но стал при этом еще мудрее. Рыцарь Пентаклей разделяет многочисленные достоинства Хирона, особенно терпение и силу духа. Он более флегматичен, чем другие рыцари, зато доделывает свои начинания до самого конца. Неспешным, спокойным шагом он идет вперед."
,Королева Пентаклей,Земля,"Земля уникальна в Солнечной системе. Она породила многообразие живого. Ее поверхность на 7О% покрыта водой, а атмосфера состоит из 78% азота и 21% кислорода. Эта комбинация фактов, особенно наличие воды, является основой для поддержания жизни. Наша планета включает в себя множество очень сложных и взаимосвязанных систем, которые совместно поддерживоют комфортабельную среду обитания. Во многих мифах Земля описывается как материнское начало; например, греческая Гея. Королева Пентаклей — это похожая заботливая, материнская фигура‚ символизирующая бесконечное плодородие природного мира. Она вмещает в себя земную энергию Пентаклей и явпяется повитухой и щедрой матерью всех наших планов."
,Король Пентаклей,Сатурн,"Сатурн — это большая газообразная планета, атмосфера которой состоит в основном из водорода и гелия. Его знаменитые кольца простираются на тысячи километров и состоят преимущественно изо льда. Римский бог Сатурн был отцом Юпитера и отличался скверной привычкой поедания своих детей. Король Пентаклей не менее могущественный правитель, но обычно он более благородный в своих действиях. Он изворотливо и умело использует свои физические и финансовые ресурсы, и мы можем рассчитывать на его искушенность в бизнесе."
,Туз Чаш,Гравитон,"В соответствии со своим именем, теоретически гравитон является переносчиком гравитации. Существование гравитонов остается неподтвержденным. Туз Чаш символизирует рождение новых эмоций, раскрытие сердца. Его рисунок, текущий, как вода, отражает безграничную природу чистого сострадания."
,Двойка Чаш,Бинарные системы,"Бинарными называют стабильные системы из двух звезд, соединенных вместе силами гравитации, и вращающихся по орбитам вокруг общего центра тяжести. Чаши — это мир эмоций, и 2-ка Чаш часто означает влюбленность и начало отношений. Однако эта карта может обозначать любую другую встречу разумов или сердец, говоря о дружбе или бизнес-партнерстве."
,Тройка Чаш,Звездные Скопления,"Звезды часто объединяются в плотные и красивые скопления, переплетая свои гавитационные поля. Так, судьба одной звезды оказывает влияние на остальные звезды скопления, и наоборот. Наиболее известно скопление Плеяды, видимое невооруженным взглядом в созвездии Ориона. Взаимное влияние звезд скопления отражается в совместной, групповой деятельности 3-ки Чаш. Это карта близких друзей и сотрудников, групповая энергия которых может проявиться во всем, от вечеринки до работы над совместным проектом."
,Четвёрка Чаш,Дополнительные элементарные частицы,"Атомы состоят из фермионов и глюонов. Фермионы же состоят из кварков и лептонов. Насчитывается шесть разновидностей кварков и шесть лептонов, то есть двенадцать элементарных частиц, однако атомы состоят лишь из двух кварков и одного лептона. Оставшиеся кварки и лептоны нестабильны и быстро распадаются в эти три основополагающие частицы. В чем смысл существования дополнительных элементарных частиц? Никто не знает. Похожее ощущение ненужности и разочарованности характерно для 4-ки Чаш, когда хорошего слишком много. В Чашах тяжелая энергия четырех проявляется в пассивности и приводит к скуке и застою."
,Пятёрка Чаш,Распад элементарных частиц,"В действительности частицы не разваливаются в буквальном смысле. Они преобразуются в более легкие частицы под воздействием слабого взаимодействия. Это необратимый процесс — частицы не могут вернуться к своему начальному состоянию. В Чашах воинственная энергия пяти проявляется как гнетущее ощущение потери. В любом конфликте есть победитель и побежденный, и карта 5-ка Чаш сосредоточена на потерях. Это карта понимания и принятия окончательности потери, но при этом она мягко напоминает нам о том, что мы еще можем выиграть."
,Шестёрка Чаш,Гравитационные линзы/Дальние Галактики,"Галактики, удаленные от нас на миллионы световых лет, могут казаться ближе, чем есть на самом деле, из-за так называемых гравитационных линз. Большие галактические скопления, обладающие гравитационным полем огромной силы, искривляют свет, идущий от еще более дальних галактик, наподобие обычной увеличивающей линзы, заставляя их казаться ближе. Карта 6-ка Чаш — это карта ностальгии. Страстная привязанность к событиям прошлого искажает их наподобие гравитационной линзы и заставляет казаться лучше, чем они были на самом деле. Просмотр прошлого хорош до того момента, пока мы не теряемся в его романтизации и не уходим в него от реальности сегодняшнего дня."
,Семёрка Чаш,Красный Гигант,"Красный гигант выглядит красочной и внушительной звездой, но на самом деле умирает. Драматические облака красной пыли скрывают выгоревшее и коллапсирующее ядро звезды. Размер звезды иллюзорен, и иллюзия лежит в основе 7-ки Чаш. Это карта мечтаний, воображения и фантазии. Наш изворотливый разум в состоянии наколдовать множество видений и мечтаний, но мы упорно стараемся отделить истинное вдохновение от иллюзий, навеянных страхами и привязаннотями. 7 Чаш призывают нас выделить в наших мечтах и видениях истинное и чистое."
,Восьмёрка Чаш,Радиоактивный распад,"Хотя большинство атомных ядер стабильно, более тяжелые ядра имеют тенденцию к распаду. Сильное взаимодействие связывает части ядра в целое, но при этом они все время находятся в возбужденном состоянии. Есть небольшой шанс, что группа из двух протонов и нейтронов (известных как альфа-частица) может отделиться. 8-ка Чаш отражает это волнующее желание к отделению. Синтетичность восьми знаменует новый уровень эмоциональной зрелости и может проявиться в желании покинуть нездоровую ситуацию или взаимоотношения. Груда из 8 Чаш символизирует старые эмоции, которые необходимо оставить позади."
,Девятка Чаш,Рождение Звезды,"Звезды рождаются при конденсации газопылевого облака, называемого туманностью. Со временем облако набирает массу, становится плотнее и плотнее. Этот процесс ускоряется и приводит к зажиганию реакции термоядерного синтеза. Туманности, многоцветные и изобилующие звездным топливом, являются местом бурной активности. Так и 9 Чаш дают ощущение блаженного изобилия. Это карта удачи, когда нам кажется, что мы можем иметь все. Положительная сторона достигает своего апофеоза в этой карте, но не забывайте следать за тем, чтобы удовлетворенность собой не перешла в самодовольство."
,Десятка Чаш,Спиральная Галактика,"Наша галактика, Млечный Путь, является спиральной с шарообразным ядром и длинными, закручивающимися наподобие спирали рукавами, содержащими миллиарды звезд. Эти рукава насыщены разнообразной активностью. В них рождаются и умирают звезды. Срок жизни галактик огромен, и подобное длительное счастье символизируют 10-ка Чаш. Это постоянная и ровная удовлетворенность счастливого брака, а не опьяняющее возбуждение краткосрочной связи. 10 Чаш — одна из наиболее благоприятных карт колоды, предсказывающая эмоциональное удовлетворение длительностью в жизнь."
,Паж Чаш,Змееносец,"Созвездие Змееносца переплетено с другим созвездием — Змей. Часто его связывают с древнегреческим богом медицины Асклепием, познавшим науку целительства, наблюдая за змеем, приносившим целебные травы. Зевс убил его своей молнией за способность воскрешать мертвых, но потом поместил на небеса, признавая его достижения в целительстве. Асклепий был открыт к получению информации от природы (змеи), что позволило ему развить свои способности к лечению до уровня, кажущегося магическим. Паж Чаш символизирует эту открытость и целительские способности. Паж еще не применил свои навыки на практике, но его открытость и восприимчивость позволяют ему впитывать информацию на уровне интуиции."
,Рыцарь Чаш,Персей,"Созвездие Персея большое по размерам и хорошо известно благодаря двойной звезде Алгол и метеорному потоку Персеид. В мифологии Персей был сыном Зевса от земной женщины. У него была насыщенная жизнь. Персей отрубил голову горгоне Медузе и спас принцессу Андромеду от морского чудовища. Во многом он является архетипом романтического героя. Рыцарь Чаш символизирует такого идеализированного мужчину действия, применяющего свои навыки и действующего в сфере эмоций. Он — рыцарь Грааля на пути бесконечного поиска не материальной выгоды, а новых видений и идеапов. Его идеалистическая энергия подталкивает нас к чему-то большему, чем мы сами."
,Королева Чаш,Андромеда,"Созвездие Андромеды известно тем, что включает в себя одноименную галактику, ближайшую к нашему Млечному Пути. Мифологическую Андромеду, прикованную к морской скале в качестве жертвы для Посейдона, спас из лап морского монстра Персей. Современные женщины, возможно, не увидят в ней архетипа жертвы, но важно помнить, что навязанное бездействие иногда является единственным способом остановить нас в наших делах и заставить предаться размышлениям. Мы живем во власти культуры, основывающейся на утверждении себя через действия. Королева Чаш отражает качества, которыми мы часто пренебрегаем — способностью остановиться, осмыслить и заглянуть внутрь себя. Королева в своем сострадании преобразует эмоциональные качества Чаш так, что мы можем замедлить свой бег и осознать свои эмоции."
,Король Чаш,Нептун,"В нашей солнечной системе Нептун, за исключением Плутона, наиболее удаленная от солнца планета. Это газовый гигант, как и Юпитер ярко-голубого цвета, обусловленного наличием метана в его атмосфере. Нептун в римской мифологии, как и Посейдон в греческой, был богом морей. Нептун отличался своим непредсказуемым темпераментом, впадая в ярость и вызывая шторма в море. Король Чаш лучше контролирует свои эмоции. Он плывет над бушующими морями чувств, а не затягивается в их бездонные глубины. Король Чаш символизирует человека, взявшего эмоции под контроль засчет осознания себя и владения собой."
,Туз Посохов,Фотон,"Фотоны — это частицы, участвующие в электромагнитном взаимодействии (смотри карту Маг). Они составляют свет, ультрафиолетовое, инфракрасное, радио и микроволновое излучение. Туз Посохов знаменует прилив чистой знергии, которая требует физического, сексуального или духовного проявления."
,Двойка Посохов,Формирование Планеты,"Планеты рождаются из дисков пыли и газа под действием гравитации. Так и 2-ка Посохов представляют собой еще не оформившееся видение, идею или проект. Вдохновляющая энергия туза начала уплотняться, но еще нет четкости деталей. После моментальной вспышки требуется процесс уплотнения в форму, чтобы преобразовать вашу идею в полностью развернутый план."
,Тройка Посохов,Скопления Галактик,"То, что звезды группируются в галактики, достаточно очевидно. При этом галактики также образуют большие группы или скопления. Некоторые из них непредставимо большие и включают в себя тысячи галактик, каждая из которых насчитывает миллиарды звезд. Это вселенная во всей ее грандиозности. Требуется значительное усилие, чтобы просто представить себе скопления галактик. Так же и эта карта говорит о необходимости вырваться из ваших самоограничений и мыслить по-крупному. Пришло время нестандартного подхода и отчаянной мечты."
,Четвёрка Посохов,Электрослабое взаимодействие,"Теория электрослабого взаимодействия объединяет две фундаментальные силы — слабую и электромагнитную. Часто изображающая свадьбу, карта 4-ка Посохов представляет объединение в мире людей. Она символизирует успех в совместных начинаниях. Многие аспекты нашего Я или нашей ситуации пришли к единению и гармонии. Стабилизирующая энергия четырех прекрасно проявляется в посохах и приземляет огненную, рвущуюся вперед энергию этой масти, для создания чего-то реального и долговечного."
,Пятёрка Посохов,Аннигиляция Частиц,"Когда частицы материи и антиматерии сталкиваются, то переходят в чистую энергию, которая рождает новые частицы. Этот процесс отражен в игривых столкновениях 5-ки Посохов, своего рода высокоэнергичной, но веселой схватки, являющейся местом рождения новых идей и открытий. Мы встречаем сложности жизни в позитивном и радостном состоянии."
,Шестёрка Посохов,Звезда,"Звезды образуются при зажигании термоядерной реакции в уплотнившемся облоке пыли и газа. После стабилизации этого процесса синтеза звезда продолжает светить миллиарды лет. Рождение звезды является дпительным процессом, завершающимся внезапным всплеском энергии. 6-ка Посохов символизирует этот исключительный момент, напоминая при этом о длительной работе, приведшей к нашему успеху."
,Семёрка Посохов,Столкновения Галактик,"Столкновение галактик похоже на наблюдаемое в замедленной съемке столкновение автомобилей. В течение сотен миллионов лет сталкивающиеся галактики вырывают друг из друга потоки звезд и космической пыли, что провоцирует рождение множества звезд. Столкновение порождает что-то новое, но вместе с теми безвозвратно изменяет обе галактики. 7-ка Посохов означает, что вы столкнулись с кем-то или чем-то, что препятствует достижению вашей цели. Это серьезное столкновение, в отличие от игривого конфликта 5-ки Посохов. Впереди вас ждет битва, требующая всех ваших сил."
,Восьмёрка Посохов,Сверхновая,"Когда очень большая звезда подходит к концу своей жизни, она превращается в сверхновую. Разбрасывая поверхностный материал в пространство, взрывается ядро звезды. Взрывчатая энергия сверхновой отражена в огненной интенсивности 8-ки Посохов. Эта карта является апофеозом пламенеющей энергии Посохов. Урок заключается в проведении и сосредоточении вашего огня на созидательной деятельности."
,Девятка Посохов,Пульсар,"Пульсар — это разновидность нейтронной звезды, излучающей регулярные всплески радиоволн (нейтронные звезды являются маленькими, но сверхплотными остатками больших звезд). Пульсары периодичны и предсказуемы, и это проявление непрекращающегося порядка отражает аспект карты 9-ки Посохов — въевшееся, привычное поведение. Эта карта похожа на старого солдата, сражавшегося настолько долго, что он не может остановиться."
,Десятка Посохов,Нейтронная Звезда,"После смерти большой звезды ее ядро коллапсирует, образуя маленький, яркий и чрезвычайно плотный объект, известный как нейтронная звезда. Нейтронные звезды — это самое тяжелое из всего, что существует, и это верно отражает 1О-ка Посохов. Завершенность, характеризующая десятку, слишком утяжелена в Посохах, и нагрузка становится невыносимой. Это карта человека, любящего держать все под контролем, достигшего критической точки, но не желающего или не способного разделить свою ношу с другими."
,Паж Посохов,Орион,"Со своей характерной формой надломленного креста, созвездие Ориона является одним из наиболее узнаваемых в северном полушарии. Древние египтяне называли его Саху‚ душой Осириса. В мифах Орион был охотником, которого любила Артемида. Аполлон обманом заставил Артемиду убить его, и после этого она в горе поместила его тело на небеса. Орион один из многих среди встречающихся в греческих мифах людей действия. В своей импульсивности он похож на Пажа Посохов. Пажи подобны детям в проявлении своей энергии, и в Посохах этот юношеский энтузиазм проявляется наиболее открыто и вещественно. Паж Посохов провозглашает приход новых идей, проектов и страстей — всего того, что заставляет вас напрячься и быть готовым к действию."
,Рыцарь Посохов,Марс,"Марс когда-то мог быть очень похожим на Землю. Удары астероидов, извержения вулканов и мощные пылевые шторма изменили его, но когда-то на нем была вода и, возможно, жизнь. В мифах Марс является римским богом войны и, как это ни странно, сельского хозяйства. Рыцарь Посохов воплощает воинственную сторону Марса; огненные энергичные качества Посохов находят свой вызов целенаправленной активности. Этот рыцарь не просто боец, его агрессивность отточена навыком и направлена на цель. Негативная его сторона в том, что он может ввязаться в битву лишь для удовольствия ощутить ее энергию."
,Королева Посохов,Венера,"Венера крайне негостеприимна. Ее атмосфера состоит из углекислого газа и серной кислоты, а температура такова, что плавится свинец. Такая непривлекательная картина противоречит образу Венеры как олицетворения любви и красоты. Однако вспомним, что эта мифологическая богиня главенствовала и над эмоциями страсти, что хорошо подходит к ее перегретой и кипящей атмосфере. Королева Посохов, каки римская богиня, чувствует себя достаточно комфортно в бурлении глубоких чувств. Она любит независимость и не боится быть самой собой. Она удерживает огненную энергию Посохов, сохраняя верность своей истинной природе и дерзкому стремлению к великой мечте."
,Король Посохов,Юпитер,"Юпитер самая большая планета солнечной системы, почти мини звезда, окруженная четырьмя большими и 59 меньшими спутниками. Это туманная, беспокойная планета — знаменитое красное пятно, гигантский шторм, бушует уже сотни лет. Юпитер в римской мифологии, как и Зевс у греков, правит всеми остальными богами. Его могучая аура и непревзойденные навыки правителя созвучны Королю Посохов, владычествующему над непредсказуемой, огненной энергией масти. Король не так непосредственен и нетерпелив, как Паж или Рыцарь. Он лучше знает, как перевести творческую вспышку Посохов в плодотворную деятельность."
,Туз Мечей,W и Z Бозоны,"W и Z бозоны являются переносчиками слабого взаимодействия и регулируют скорость атомарного распада. Туз Мечей представляет момент появления идей в сознании. Острие меча выражает неотъемлемую остроту и фокус ментального мира Мечей."
,Двойка Мечей,Темная материя,"Темная материя получила свое название благодаря своей таинственной природе. Оно не взаимодействует с обычной материей вселенной, и ее существование проявляется лишь через ее гравитацию. Когда дуальность двух встречает мир разума, то разделяет его на противоположности. Так и два меча перекрещены, знаменуя ментальный конфликт. Повязка на глазах означает, что мы сами удерживаем себя «в темноте» за счет разрушительных ментальных привычек или неприятия очевидного."
,Тройка Мечей,Красный Карлик,"Красный карлик это своего рода недоносок среди звезд. Он примерно в два раза меньше нашего солнца, не вышел по габаритам и мощности, чтобы ярко сиять на небосклоне, и поэтому легко теряется на фоне своих больших братьев. Здесь синтетическая энергия трех проявляется как ранимость и боль. Кто-то ударил ножом вам в сердце. 3-ка Мечей говорит о необходимости осознания наших ран, открывая путь к освобождению от боли."
,Четвёрка Мечей,Нейтрино,"Нейтрино не обладают электрическим зарядом и пренебрежимо легки, что позволяет им практически не взаимодействовать с веществом вселенной. Они постоянно пронзают нас и Землю, никак при этом не проявляясь. Спокойные, не реагирующие нейтрино хорошо передают успокаивающее влияние 4-ки Мечей. Здесь стабильность энергии четырех утихомиривает ментальную энергию Мечей. Это время для размышления, спокойного созерцания и медитации."
,Пятёрка Мечей,Белый Карлик,"Звезда умирает, когда полностью выработает свое водородное топливо. Средняя по размеру звезда, такая как наше Солнце, при этом сбрасывает свои поверхностные слои, а ее ядро коллапсирует в маленький, размером с планету, объект, называемый белым карликом. По сравнению с полноценной звездой, он кажется хилым и незначительным. 5-ка Мечей выражает воинственную энергию пяти через негативное сравнение. С 5-кой Мечей всегда приходит победитель и побежденный; победа за чей-то счет. Это карта насильника и жертвы; победитель забирает все, при этом отсутствуют проявления справедливости или морали."
,Шестёрка Мечей,Фермионы и бозоны,"Фермионы и бозоны составляют две группы элементарных частиц, отличающиеся значением спина. Спин это квантовое число, которое характеризует особую разновидность момента частицы, а не ее реальное вращение. Атомы состоят и фермионов, а бозоны являются переносчиками фундаментальных сил, действующих в атоме. Два фермиона, пребывающие в одинаковом состоянии, не могут сосуществовать одновременно в одном и том же месте, а бозоны могут. 6-ка Мечей описывает похожее правило нашей жизни — невозможность быть одновременно в одном и том же месте самими собой и кем-то иным. Это карта перехода на новые территории для спасения нашего внутреннего мира. Здесь гармония шести появляется вследствие движения вперед. В отличие от 6 Чаш, смотрящих назад, эти шесть находят успокоение в движении в будущее."
,Семёрка Мечей,Радиоактивность,"Некоторые из атомных ядер по своей природе являются неустойчивыми. Они могут самопроизвольно испускать частицы, создающие радиоактивность. Все радиоактивные частицы потенциально опасны, но некоторые из них особенно. Самая слабая форма радиоактивности, альфа частицы, блокируется листом бумаги, а гамма излучение может быть остановлено лишь толстым слоем свинца. Радиация невидима, но пагубна для живого. Мы не можем определить ее присутствие без специального измерительного оборудования. Подобно этой, 7-ка Мечей описывают ситуацию, где проявляются неизвестные и напрямую невидимые силы. Это карта использования искусности или коварства в конфликте. В лучшем случае вы имеете дело с умным стратегом, в худшем же — с подлецом, аферистом или обманщиком. Сейчас не лучшее время для открытости и прямоты. Не открывайте ваши карты."
,Восьмёрка Мечей,Удержание кварков/цветового заряда,"Кварки — это фундаментальные частицы в ядре атома, характеризующиеся электрическим и цветовым зарядом. Последний не имеет ничего общего с видимыми цветами, а введен для удобства описания сильного взаимодействия, связывающего кварки между собой и ответственного за стабильность атомного ядра. 8-ка Мечей характеризуют подобное чувство связанности или ограниченности, возникающее под влиянием непреодолимой силы. В воздушном королевстве Мечей это связанность идеями и мыслеформами. Нас угнетают и лишают свободы, но при этом рождается понимание того, что в нас самих сокрыт ключ к освобождению."
,Девятка Мечей,Аннигиляция материи/антиматерии,"Каждая из материальных частиц имеет соответствующую ей античастицу. Например, каждому кварку соответствует антикварк, электрону — позитрон и нейтрино — антинейтрино. При встрече подобные частицы аннигилируются, превращаясь во вспышку энергии. Свое яркое выражение идея самоуничтожения находит в карте 9-ка Мечей, полной сомнений, волнений и страхов. Часто эти страхи бесформенны и не проявлены, являясь продуктами невротического цикла саморазрушения, а не реальных, жизненных проблем."
,Десятка Мечей,Смерть Звезды,"Очень большие звезды умирают во впечатляющем взрыве, становясь сверхновыми. При этом они сбрасывают поверхностные слои, которые окружают их облаками пыли и газа. Гравитация првращает это облака в красивые формы и структуры, известные как планетарные туманности. 10-ка Мечей показывает ситуацию, где недавно случилось самое худшее. Сверхновая вашей жизни взорвалась, и вы наблюдаете последствия этого взрыва. Эту карту не любят и не жаждут ее появления в раскладе, но у нее есть и положительная сторона. Вы упали на самый низ, и теперь единственный путь — вверх. Узрите рождение новой зари."
,Паж Мечей,Меркурий,"Меркурий — это ближайшая к Солнцу планета и самая маленькая после Плутона. Поверхность его, как и Луны, испещрена астероидными кратерами, а атмосфера крайне разрежена. Меркурий в римской мифологии был посланцем богов, а в греческой ему соответствовал Гермес. Он правитель всех способов связи, от речи и письма до интернета. Пажа Мечей характеризует ненасытная, неразборчивая страсть к сбору информации. Он может временами быть поверхностным и болтливым, но в своей сути представляет любопытного ребенка с вечным «почему?»."
,Рыцарь Мечей,Геракл/Геркулес,"Созвездие Геркулеса содержит хорошо известное скопление Геркулеса, являющееся одним из красивейших шаровых скоплений звездного неба. Мифологический Геркулес символизирует физическую силу. Он был сыном Зевса и смертной женщины, возлюбленный всеми богами, кроме Геры, жены Зевса. Его известные подвиги явились следствием кампании преследования, развязанной против него Герой. Как и Геркулес, Рыцарь Мечей никогда не уходит от конфликта, хотя чаще он вооружен словами, а не оружием. Этот рыцарь сражается в мире разума и превосходен в защите правого дела. Он нуждается в цели для приложения своей энергии или может начать ссору на пустом месте."
,Королева Мечей,Кассиопея,"Созвездие Кассиопеи легко увидеть в небе северного полушария, благодаря его характерной W форме. В мифологии Кассиопея попала в неприятности, утверждая, что более красива, чем морские нимфы. Это вызвало гнев непредсказуемого морского бога. В наказание ее дочь Андромеда была прикована к скале у моря в качестве жертвоприношения морскому чудовищу. Она также пыталась убить Персея, спасителя ее дочери, на их свадьбе. Ассирийцы были лучшего мнения о Кассиопее, считая ее доброй богиней зерновых культур. Королева Мечей обладает мудростью, приобретенной через опыт и, часто, страдания. Она отточила меч своего разума и в своей зрелости мудро пользуется им. Она может сдерживать ментальную энергию Мечей и знает когда говорить, а когда промолчать."
,Король Мечей,Уран,"Уникальной чертой Урана является факт того, что он вращается как бы лежа на боку. Его магнитное поле также со странностями; очень мощное и смещенное на треть от центра планеты. В греческой мифологии Уран был богом неба, мужем Гаи. Воздушное королевство Урана знакомо Королю Мечей, который представляет собой власть над разумом. Этот король объективен, отстранен и мыслит ясно. Его решения не подвержены влиянию эмоций и желаний. Подобно необычному положению оси вращения Урана, он может менять позицию своего видения и видеть мир с неожиданной перспективы."
Дополнительный старший Аркан,Феникс,,"Феникс — это сказочная птица из финикийской мифологии. В конце своей жизни она вспыхивает пламенем и сгорает до пепла, и новый Феникс возрождается из этих останков. Он символизирует цикл перемен — смерть и рождение. В Квантовом Таро карта Феникс означает возрождение Дурака в начале нового цикла. Мы продолжаем путешествие через Старшие Арканы с невинностью и открытостью Дурака, но в этот раз мы несем в себе память того, что мы осознали."
Дополнительный старший Аркан,Вселенная,,"Вселенная образовалась около 15 миллиардов лет назад в огромном взрыве. Четыре фундаментальных силы и все частицы и материя образовались в первые несколько моментов после взрыва, но потребовались миллионы лет для формирования звезд и галактик. Вселенная всегда расширяется благодаря энергии породившего ее взрыва. Карта Вселенная похожа на карту Мир, однако требует расширения нашего сознания. Она требует от нас смены парадигмы реализации того, что воспринимаемая реальность является лишь мельчайшей пылинкой того, что есть."
